Product,Ad,Ad Link,Copy,Headline,Description,Analysis,Improvement,Creative Analysis,Creative Improvements,Active Since,Other Feedbacks
Stripe's payment methods,,https://www.facebook.com/ads/library/?id=3655276381441088,Accept payments in minutes and start generating revenue.,Get started for free,-,"Attention:
✅ Bold, minimalist design:
The gradient purple background and sleek Stripe interface illustration immediately signal tech sophistication and modernity — highly effective for the fintech audience.
✅ Short, powerful headline:
“More payment options. More revenue.” delivers an instant value equation — clear benefit without fluff.
Interest:
✅ Problem–solution framing:
Businesses want higher revenue and smoother payment collection — this headline directly connects to that motivation.
✅ UI demonstration:
Showing familiar options (Credit card, Bank transfer, Link, Payment app) visually communicates ease of integration.
✅ Brand authority:
Stripe’s strong global reputation for reliability in digital payments keeps user attention and trust high.
Desire:
✅ Outcome-oriented messaging:
The subtext “Accept payments in minutes and start generating revenue” turns features into immediate business benefits.
✅ Ease + speed appeal:
Highlights “in minutes” — crucial for small businesses and startups looking for frictionless onboarding.
✅ Visual simplicity mirrors product promise:
The clean toggle-style interface implies intuitive setup.
Action:
✅ CTA: “Get started for free”
Low-commitment entry point.
Ideal for SaaS — removes financial hesitation.
Pairs perfectly with the promise of quick setup.
🎯 TOFU–MOFU–BOFU Funnel Placement
MOFU (Middle of Funnel):
Targets SMB owners, developers, or entrepreneurs already aware of Stripe or seeking payment solutions — nudging them to sign up and test the platform.
🔁 RACE Framework Positioning
Reach: Minimal, benefit-led visuals drive attention in feed environments.
Act: CTA (“Get started for free”) leads to trial or sign-up.
Convert: Seamless onboarding promise increases conversion likelihood.
🔐 Trust Funnel Evaluation
Stage        Execution
Know        Global Stripe branding and familiar colour palette (purple gradient).
Like        Simple UX-style layout demonstrates product intuitively.
Trust        Visual of payment methods + direct tone convey legitimacy.
Try        “Get started for free” makes it risk-free to experiment.
✅ Effectiveness Ratings
Metric        Score (1–10)        Reasoning
Engagement        8        Visuals are sleek and professional; minimal copy keeps focus on the message.
Emotional Impact        7.5        More rational than emotional, but strong for B2B conversion context.
Conversion Potential        9        Simple message + low-friction CTA = high click potential.
🧾 Copy Review
Copy:
“Accept payments in minutes and start generating revenue.”
✅ Clear, benefit-driven, and concise.
⚠️ Slightly generic — could add a micro-value differentiator to strengthen:
“Accept payments globally in minutes and start generating revenue with Stripe.”
Headline:
“Get started for free.”
✅ Perfect for lowering entry friction in a fintech B2B environment.
✅ Works across digital placements (Meta, LinkedIn, Google Display).
🔁 Behavioural & Emotional Triggers
Simplicity bias:
The clean toggles and UI design symbolise ease-of-use — crucial for busy SMBs.
Speed & immediacy:
Words like “minutes” and “start generating” cue action.
Trust & familiarity:
Recognisable Stripe branding = reduced uncertainty.
Empowerment:
Implied message: “Unlock growth effortlessly.”","Add subheadline for differentiation:
“From startups to global brands — Stripe helps you get paid, anywhere.”

Use subtle urgency:
“Start today — it only takes minutes to set up.”

Incorporate light animation (if digital):
Toggles switching on or a payment processing animation would make the static more dynamic.

Add subtle proof cue (optional):
e.g., “Trusted by millions of businesses worldwide” reinforces credibility without clutter.",,,27 August 2025,
Stripe trusted by others,,https://www.facebook.com/ads/library/?id=845127931508846,"Amazon, Toyota, and Microsoft choose Stripe to power their payments.",Get started with payments,"Capture more revenue with a complete payments solution that eliminates the need for one-off integrations with a separate merchant account,","Attention:
✅ Authority headline:
“Powering half of the Fortune 100” instantly commands attention — it’s a bold, credibility-laden claim that positions Stripe as a top-tier solution.
✅ Contrasting layout:
The clean white upper half (text focus) and the gradient lower half (brand logos) create strong visual balance and recognition.
✅ Familiar brand names:
Amazon, Toyota, Microsoft, and OpenAI act as immediate visual hooks. Viewers’ eyes gravitate to brands they trust, which in turn builds instant legitimacy for Stripe.
Interest:
✅ Clear business value:
“Scale with an industry leader” appeals directly to enterprise goals — growth, reliability, and proven capability.
✅ Design restraint = clarity:
The minimalist, spacious composition reflects the brand’s identity as efficient and modern — a visual metaphor for Stripe’s technology.
Desire:
✅ Aspirational alignment:
By associating with Fortune 100 giants, the ad suggests that adopting Stripe places your business among the elite.
✅ Product simplification:
The copy “eliminates the need for one-off integrations” taps into a key enterprise pain point — the burden of complex, siloed payment systems.
✅ Outcome promise:
“Capture more revenue” links Stripe’s capabilities directly to business growth — a tangible benefit.
Action:
✅ CTA: “Get started with payments”
Simple, relevant, and frictionless — appropriate for a mid-funnel audience familiar with Stripe’s ecosystem.
✅ Directional copy:
The line “Scale with an industry leader →” naturally leads the eye and implies momentum.
🎯 TOFU–MOFU–BOFU Funnel Placement
MOFU → BOFU:
Targets businesses already considering or comparing enterprise payment solutions. The ad assumes awareness of Stripe and aims to reinforce credibility and trigger trial or migration.

🔁 RACE Framework Positioning
Reach: Use of global brand logos broadens Stripe’s appeal to decision-makers across sectors.
Act: The CTA “Get started with payments” prompts site visitation and demo sign-up.
Convert: The “complete payments solution” benefit primes potential enterprise clients for conversion calls or consultations.
🔐 Trust Funnel Evaluation
Stage        Execution
Know        Bold headline and well-known client logos create instant recognition.
Like        Minimalist aesthetic signals sophistication and stability.
Trust        Authority via social proof (“half of the Fortune 100”) reinforces Stripe’s reliability.
Try        “Get started” CTA provides a low-risk entry for evaluation.
✅ Effectiveness Ratings
Metric        Score (1–10)        Rationale
Engagement        8.5        Authority claim and trusted brand logos create immediate interest.
Emotional Impact        8        Aspirational — “join the big leagues” appeal.
Conversion Potential        9        Strong enterprise credibility, clear CTA, frictionless message.
🧾 Copy Review

Copy:
“Amazon, Toyota, and Microsoft choose Stripe to power their payments.”
✅ Strong use of social proof — appeals to logic (if they trust Stripe, it must be reliable).
⚠️ You could enhance urgency or aspirational tone:
“Join Amazon, Toyota, and Microsoft — trusted by industry leaders to power seamless global payments.”
Headline:
“Get started with payments.”
✅ Functional and aligned with product offer.
⚠️ Could be strengthened for enterprise tone:
“Scale your payments with Stripe.” or “Power your growth with Stripe.”
Description:
“Capture more revenue with a complete payments solution that eliminates the need for one-off integrations with a separate merchant account.”
✅ Clear, technical benefit for decision-makers (efficiency + simplicity).
⚠️ Slightly dense; could improve readability:
“Capture more revenue with Stripe’s all-in-one payments solution — no complex integrations or separate merchant accounts needed.”

🔁 Behavioural & Emotional Triggers
Authority: Referencing Fortune 100 companies triggers herd bias — “If they use it, it must be right.”
Aspirational Identity: Aligns viewer’s company with industry giants.
Efficiency: “Eliminates one-off integrations” appeals to pain-point removal — a rational trigger.
Trust & Reliability: Stripe’s long-standing reputation reinforces emotional safety in enterprise adoption.","Add CTA reinforcement line:
e.g., “Trusted by leading innovators. Built for businesses like yours.”

Slightly reframe the CTA for scale narrative:
“Start scaling with Stripe” or “Talk to our payments experts.”

Consider versioning by sector:
Feature vertical-specific examples (e.g., SaaS, eCommerce, Fintech) to boost contextual relevance.

Optional animation:
Cycling logos (Amazon → Toyota → Microsoft → OpenAI → “and more”) can subtly enhance recall.",,,21 October 2025,
Stripe's Myth vs Truth,,https://www.facebook.com/ads/library/?id=1742748439928636,Learn how no-code tools impact fundraising for founders.,Read our no-code tools guide,-,"Attention:
✅ Contrasting “MYTH” and “TRUTH” framing:
This binary hook is cognitively irresistible — it triggers curiosity and encourages swiping to reveal the “truth.”
✅ Bold typography + minimalist gradient:
Stripe’s signature violet and clean layout stand out in busy B2B social feeds while signalling brand authority.
✅ Target relevance:
The headline speaks directly to founders and startup builders — a niche audience Stripe strategically nurtures.
Interest:
✅ Psychological intrigue:
The myth “Founders can’t raise capital with a product built on no-code” provokes a common misconception in the startup community.
✅ Swift counterpoint:
“Founders using no-code tools raise capital more quickly” delivers surprise and data-backed reassurance.
✅ Clarity of flow:
Each frame builds sequentially — myth → truth → action — perfect for carousel storytelling.
Desire:
✅ Empowerment message:
The narrative transforms a limiting belief into a competitive advantage, inspiring founders to take action.
✅ Educational positioning:
Promises insight and practical guidance (“Learn how no-code tools can help your startup”) — Stripe becomes a trusted mentor figure.
✅ Implied relevance:
Subtextually ties back to Stripe’s ecosystem: empowering startups through developer-friendly, low-friction payment solutions.
Action:
✅ CTA alignment:
“Read our no-code tools guide” fits perfectly with the ad’s informational, authority-building tone.
✅ Low friction:
It invites learning — not selling — which increases click-through rates for content-led B2B campaigns.
🎯 TOFU–MOFU–BOFU Funnel Placement
TOFU (Top of Funnel):
Designed to educate and reposition mindsets, building awareness among early-stage founders.
Moves users toward MOFU through value-driven content (the guide).
🔁 RACE Framework Positioning
Reach: Engages startup communities and entrepreneurial audiences with myth-busting insight.
Act: Encourages engagement through curiosity and value exchange (“Read the guide”).
Convert: Builds trust and authority — paving the way for future Stripe adoption as their startup scales.
🔐 Trust Funnel Evaluation
Stage        Execution
Know        Eye-catching myth vs truth hook.
Like        Empathetic tone toward founders’ challenges.
Trust        Data-anchored insight — Stripe as a credible thought leader.
Try        Content offer (guide) acts as a low-commitment entry point.
✅ Effectiveness Ratings
Metric        Score (1–10)        Rationale
Engagement        9        Swipe-based curiosity and relatable founder myth.
Emotional Impact        8        Empowerment and credibility through myth-busting.
Conversion Potential        8.5        High-value content incentive aligns with Stripe’s growth funnel.
🧾 Copy Review
Copy:
“Learn how no-code tools impact fundraising for founders.”
✅ Simple, relevant, and curiosity-driven.
⚠️ Could be strengthened for persuasion:
“Discover how no-code founders are raising capital faster than ever.”
Headline:
“Read our no-code tools guide.”
✅ Functional and precise for LinkedIn, Meta, or content-driven channels.
⚠️ For greater urgency or emotional pull:
“Unlock the guide to faster fundraising.”
🔁 Behavioural & Emotional Triggers
Curiosity gap: The myth–truth structure plays on cognitive dissonance — users want closure.
Empowerment: Converts scepticism into confidence (“You can raise capital with no-code”).
Authority bias: Positioning Stripe as both educator and enabler boosts credibility.
Reassurance: Founders feel validated in using accessible, modern tools.","Add a data point in the “TRUTH” slide:
e.g., “Founders using no-code tools raise capital 2× faster” for quantitative credibility.

Include a Stripe brand tie-in on final frame:
e.g., “Stripe helps thousands of startups launch faster — learn how.”

Optimise CTA for learning intent:
“Read the Guide →” or “Learn More →” reinforces curiosity loop closure.

Add a dynamic transition:
Use an animated “MYTH → TRUTH” swipe for better motion engagement on digital channels.",,,2 May 2025,
Shopify,,https://www.facebook.com/ads/library/?id=1170345031660218,"Get the button that people know and love. Start selling, then start earning with Shopify 💰",Start selling for free on Shopify,You could be making sales,"Attention:
✅ The large, centralised Shop Pay button with the click animation immediately draws the eye — clear, simple, and instantly recognisable.
✅ The minimalistic dark background creates contrast, making the purple button pop visually — a strong visual anchor for mobile and vertical ad formats.
✅ “Get the button that gets you paid” is short, rhythmic, and benefits-first — perfect headline for scroll-stopping clarity.
⚠️ Could test alternate attention lines that emphasise empowerment or speed (“Turn your clicks into cash,” “Your store’s most valuable button”).
Interest:
✅ The body copy “Get the button that people know and love” builds interest through social proof — leveraging the existing trust of millions of Shop Pay users.
✅ “Start selling, then start earning” simplifies the value proposition: anyone can start quickly.
✅ The familiar Shop Pay visual cue (purple + cursor) connects instantly to Shopify’s ecosystem of ease and credibility.
⚠️ Could slightly deepen interest by hinting at impact metrics (“Trusted by millions of online buyers”).
Desire:
✅ Emotional hook: simplicity + instant reward (“the button that gets you paid”).
✅ Rational hook: financial benefit (earnings) and credibility (Shopify + Shop Pay).
✅ Tone is motivating yet accessible — appeals to both aspiring entrepreneurs and small business owners.
⚠️ Desire could be boosted by outcome framing: “More trust = more checkouts = more sales.”
Action:
✅ Headline “Start selling for free on Shopify” is an excellent CTA — clear, actionable, and low barrier.
✅ “You could be making sales” adds psychological encouragement — a subtle loss aversion nudge (“you’re missing out if you’re not”).
⚠️ Could further enhance urgency or direction with a visual button (“Start Free Trial” or “Add Shop Pay Now”).
🎯 Funnel Stage: TOFU → MOFU
TOFU (Top of Funnel): Introduces Shopify as a solution for aspiring sellers.
MOFU (Middle of Funnel): Encourages immediate sign-up through a low-risk entry point (“Start for free”).
✅ Perfect ad for new customer acquisition and trial generation.
🔁 RACE Framework Position
Reach: ✅ Clean, bold, platform-native — ideal for awareness and social feeds.
Act: ✅ Clear benefit drives curiosity (“gets you paid”).
Convert: ✅ “Start selling for free” directly motivates sign-up.
Engage: ⚠️ Low — ad focuses on acquisition, not retention; could add “Join 10M+ Shopify sellers.”
🔒 Trust Funnel Position
Know: ✅ Strong brand recall — Shopify + Shop Pay synergy.
Like: ✅ Friendly, straightforward tone creates accessibility.
Trust: ✅ Leveraging Shop Pay recognition = instant credibility.
Try: ✅ “Start free” gives low-risk entry.
Buy: ✅ Clear path to conversion — but a CTA button visual would reinforce the step.
💡 Behavioural & Emotional Triggers
FOMO: Implied — “You could be making sales” plays on opportunity cost.
Authority / Trust: High — Shopify and Shop Pay are globally recognised brands.
Ease / Simplicity: Core appeal — “the button that gets you paid” suggests effortless income.
Reward: Immediate gratification — financial outcome positioned as simple.
Colour Psychology: Purple = trust and innovation; black background = sophistication and focus.
📊 Headline & Copy Evaluation
Element        Evaluation        Strength
Headline        Benefit-led, concise (“Start selling for free”)        ⭐⭐⭐⭐⭐
Body Copy        Conversational, trust-driven        ⭐⭐⭐⭐☆
Visual Clarity        Excellent contrast and brand coherence        ⭐⭐⭐⭐⭐
CTA Strength        Clear text CTA, missing visual button        ⭐⭐⭐⭐☆","Add visual CTA button: e.g., “Start Free Trial” for stronger click intent.

Test a performance variant: “More trust. More sales. More payouts.” — performance-oriented tone.

Include social proof: “Trusted by 100M+ buyers with Shop Pay.”

Enhance motion: Add micro-animation (cursor click glow, ripple) for dynamic feed performance.

Retargeting copy idea: “Still thinking about selling? Your button’s waiting.”",,,15 Sep 2025,
Shopify,,https://www.facebook.com/ads/library/?id=1877002489528520,ONE Championship count on Shopify to support their growing online focus.,Optimise your business with Shopify,Start growing today,"Attention:
✅ The striking image of an athlete paired with bold text instantly captures attention — high visual contrast and authority.
✅ Shopify’s logo at the top left ensures brand recognition from the first glance.
✅ The statistic “grew their online sales by 20x” is a powerful hook — quantifiable proof of success that stops the scroll.
⚠️ The muted grey background on the subject side could be slightly darkened or softened for balance, ensuring the white “ONE” logo remains legible on all screen sizes.
Interest:
✅ The partnership story (“ONE Championship grew their online sales by 20x”) immediately generates interest, especially among business owners seeking scalability.
✅ The featured case study format builds credibility — using a globally recognised brand (ONE Championship) as a success reference.
✅ The visual tone — serious, focused, and confident — communicates high performance and professionalism, aligning with Shopify’s positioning as a growth enabler.
⚠️ Interest could be deepened with a secondary line: “From merchandising to global reach — powered by Shopify.”
Desire:
✅ Desire is created through social proof and aspiration — “If ONE Championship can scale globally with Shopify, so can you.”
✅ The implicit emotional appeal — power, discipline, growth — ties in well with the athletic imagery and Shopify’s entrepreneurial audience.
✅ Rational drivers (sales growth, business optimisation) are clear and measurable.
⚠️ Desire could be further elevated by naming specific Shopify features (e.g., “automation, analytics, and seamless global checkout”).
Action:
✅ The headline “Optimise your business with Shopify” and subtext “Start growing today” together form a soft but direct CTA.
⚠️ Could strengthen immediacy by adding a visible “Start Free Trial” or “See How” button on visual or below ad copy.
⚠️ Adding a short link or QR code for case study details would help conversion in display or print formats.
🎯 Funnel Stage: MOFU → BOFU
MOFU (Middle of Funnel): Case study proof demonstrates Shopify’s business value.
BOFU (Bottom of Funnel): “Optimise your business” and “Start growing today” prompt direct action.
✅ This is an excellent retargeting or decision-stage ad, leveraging credibility and measurable outcomes.
🔁 RACE Framework Position
Reach: ✅ Moderate — clear branding and professional tone appeal to established SMBs and enterprises.
Act: ✅ Strong — success story stimulates curiosity and consideration.
Convert: ✅ CTA “Start growing today” encourages business sign-up or trial.
Engage: ⚠️ Limited post-conversion engagement — could prompt “Learn how Shopify helps global brands.”
🔒 Trust Funnel Position
Know: ✅ Shopify logo + high-profile partnership builds strong awareness.
Like: ✅ Powerful, disciplined imagery conveys respect and professionalism.
Trust: ✅ Data-backed proof (20x growth) reinforces reliability.
Try: ✅ “Start growing today” indicates clear path to test or adopt Shopify.
Buy: ✅ Subtle CTA suits conversion-focused retargeting.
💡 Behavioural & Emotional Triggers
Social Proof: Extremely strong — featuring a globally recognised brand.
Authority: High — quantifiable success metric builds trust.
Aspirational Cue: Strength, determination, success (aligned with athletic brand values).
FOMO: Moderate — implicit (“they grew 20x; why haven’t you?”).
Colour Psychology: Shopify’s green + ONE’s black/grey palette = trust, growth, and professionalism.
📊 Headline & Copy Evaluation
Element        Evaluation        Strength
Headline        “Optimise your business with Shopify” — actionable and value-oriented        ⭐⭐⭐⭐☆
Visual Statistic        “20x growth” — powerful proof element        ⭐⭐⭐⭐⭐
Body Copy        Clear partnership statement with brand trust        ⭐⭐⭐⭐☆
CTA / Next Step        Functional but visually understated        ⭐⭐⭐☆☆","Add a clear CTA button: “Start Free Trial” or “See How Shopify Helped ONE Championship.”

Feature quote or testimonial snippet: “Shopify helped us scale to a global audience.”

Include secondary proof element: Shopify feature icons or stat like “Used by 1.7M+ businesses.”

Test motion version: Subtle text animation of “20x Growth” appearing could increase engagement.

A/B test alternate headline:

“Powering global growth for brands like ONE Championship.”

“Scale like a champion — with Shopify.”",,,27 May 2025,
Shopify,,https://www.facebook.com/ads/library/?id=23933140016370800,"SaturdayClub replicated their store for international markets without bugs, high fees, or long lead times.",Multiply stores,Without multiplying issues,"Attention:
✅ The layout is clean, modern, and instantly brand-aligned — Shopify’s gradient green tones blended with SaturdayClub’s sleek aesthetic work perfectly for a global fashion tech story.
✅ The statistic-driven headline “launched in 9 new markets in only 6 months” is a powerful attention hook — concrete and achievement-oriented.
✅ The split visual (model on left, “Launch” button on right) uses conceptual storytelling — linking creativity (fashion) with commerce (Shopify).
⚠️ Could test a version with “9 markets / 6 months” bolded or animated for even faster visual absorption.
Interest:
✅ The body copy “replicated their store for international markets without bugs, high fees, or long lead times” appeals directly to pain points faced by scaling e-commerce brands.
✅ The multi-currency icons (€ / $ / ¥) reinforce the global commerce theme intuitively.
✅ The “Launch” button with a cursor graphic provides contextual clarity — you immediately know Shopify enables multi-market setup.
⚠️ Could slightly enhance curiosity with a mini proof element: “Powered by Shopify Markets” or “Learn how they did it.”
Desire:
✅ Emotional driver: empowerment and ease — businesses can expand internationally without hassle.
✅ Rational driver: efficiency and cost savings — “no bugs, high fees, or long lead times.”
✅ Strong aspirational link: if a fashion brand like SaturdayClub can scale globally, any business can.
⚠️ Desire could be amplified with a testimonial line or result metric (e.g., “Increased global sales 4x in 6 months”).
Action:
✅ Headline pair “Multiply stores / Without multiplying issues” is punchy, clever, and CTA-oriented — a great conversion motivator for Shopify Plus or Markets campaigns.
⚠️ No visible CTA (e.g., “Learn More” or “Explore Shopify Markets”) — adding a button would strengthen action-taking.
⚠️ Could enhance urgency by implying opportunity: “Scale your brand globally today.”
🎯 Funnel Stage: MOFU → BOFU
MOFU (Middle of Funnel): Educates audiences about Shopify’s global scalability features.
BOFU (Bottom of Funnel): Provides brand proof and invites high-intent leads to act.
✅ Ideal for enterprise-level prospecting or Shopify Plus re-targeting.
🔁 RACE Framework Position
Reach: ✅ Effective for B2B awareness among eCommerce decision-makers.
Act: ✅ Sparks curiosity and investigation (“How did they do that?”).
Convert: ⚠️ Needs clear CTA to drive click or demo request.
Engage: ✅ Case-study storytelling builds credibility for ongoing brand trust.
🔒 Trust Funnel Position
Know: ✅ Brand collaboration (Shopify × SaturdayClub) immediately builds recognition.
Like: ✅ Minimalist, elegant design reflects premium brand synergy.
Trust: ✅ Real business proof of global success reinforces product reliability.
Try: ⚠️ No direct “try now” link; could lead to Shopify Plus or Markets demo landing page.
Buy: ✅ Implicit through aspirational success case.
💡 Behavioural & Emotional Triggers
Authority / Proof: Strong — real brand success story creates credibility.
Efficiency: “Without bugs, high fees, or long lead times” resolves operational pain points.
FOMO: Moderate — implied (“others are scaling globally; are you?”).
Empowerment: High — positions Shopify as a growth enabler, not just a platform.
Colour Psychology: Green gradient signals innovation and prosperity, while the white space gives sophistication.
📊 Headline & Copy Evaluation
Element        Evaluation        Strength
Headline        “Multiply stores / Without multiplying issues” — clever, concise, memorable        ⭐⭐⭐⭐⭐
Body Copy        Pain-point-driven and relatable for SMB and enterprise eComms        ⭐⭐⭐⭐☆
Visual Design        Balanced and modern, with clear narrative flow        ⭐⭐⭐⭐⭐
CTA Presence        Needs visual “Learn more” button        ⭐⭐☆☆☆","Add CTA button: e.g., “Learn more” or “See how Shopify Markets can scale your business.”

Include small data point or quote: “Expanded into 9 markets with zero downtime.”

Highlight global success visually: Animate currency symbols or “9 markets” text.

Test copy variant:

“Expand globally. Seamlessly.”

“Launch in new markets — without new headaches.”

Optimise for video or carousel: Show step-by-step “Launch process” or map animation for LinkedIn/Meta.",,,27 May 2025,